,company,title
0,BOX8,Front-end Engineer/Web Developer (SDE 1 &amp; 2)
1,LinkedIn,Software Engineer - Fullstack
2,Microsoft,Software Engineer
3,CRED,Software Engineer
4,Jar,SDE 1 - Backend
5,BOX8,Android Developer-SDE 1 &amp; 2(Software Development Engineer)
6,Talent Disruptors,Web Developer - Remote Pune
7,Mahe Technologies Private Limited,Web Developer
8,Samsung Electronics,Software Developer
9,Mahe Technologies Private Limited,Web Developer
10,Jar,SDE 2 - Backend
11,Microsoft,Software Engineer
12,Google,"Software Engineer, Front End, Google Cloud"
13,Google,"Software Engineer, Front End, Google Cloud"
14,Talent Disruptors,Web Developer - Remote Chennai
15,CRED,Software Engineer in Test
16,Talent Disruptors,Web Developer - Remote Bangalore
17,HDFC Bank,Software Engineer - Backend
18,Talent Disruptors,Web Developer - Remote Hyderabad
19,Talent Disruptors,Web Developer - Remote Chandigarh
20,Talent Disruptors,Web Developer - Remote India
21,Talent Disruptors,Web Developer - Remote Delhi
22,LinkedIn,"Software Engineer, Systems Infrastructure"
23,Wipro,Software Engineer
24,Nissan Motor Corporation,Software Engineer - Front-end Developer
25,Media.net,Web Application Developer
26,Mastercard,Software Engineer I
27,Google,"Software Engineer II, Full Stack, Google Cloud"
28,Talent Disruptors,Web Developer - Remote Panchkula
29,Porter,Software Development Engineer 2
30,Intuit,Software Engineer 2
31,Talent Disruptors,Web Developer - Remote Calutta
32,Petpooja,PHP Developer
33,Petpooja,PHP Developer
34,Petpooja,PHP Developer
35,Petpooja,PHP Developer
36,Furrl,SDE 1 (Frontend)
37,PriceLabs,Frontend Software Engineer I (Remote)
38,Cricbuzz.com,Back End Developer
39,Uber,Software Engineer II
40,Groww,Back End Developer
41,MakeMyTrip,Software Engineer- Java
42,BharatX,Software Development Engineer
43,Talent Disruptors,Web Developer - Remote Mumbai
44,IBM,Software developer
45,Trade Brains,Junior Front End Developer
46,Keywords Studios,Software Engineer I
47,Xerago,Web Developer
48,Fi,Software Engineer
49,Cognizant,Software Engineer
50,Tesco Bengaluru,Software Development Engineer II
51,GetHyr,SDE I
52,Cognizant,Full Stack Developer
53,Cognizant,Software Engineer
54,CRED,Senior Software Engineer
55,Capgemini,Software Engineer
56,Cognizant,Software Engineer
57,Coddle Technologies Pvt. Ltd.,Software Engineer Trainee
58,Google,"Software Engineer II, Google Cloud"
59,Tech Mahindra,Java Software Engineer
60,CloudSEK,SDE 1/2 - Backend
61,Coddle Technologies Pvt. Ltd.,Software Engineer Trainee
62,Upstox,Software Development Engineer III - Java/Spring Boot
63,Cognizant,Software Engineer
64,KPMG India,Front End Developer
65,PhonePe,Software Engineer (Backend 3-5yrs)
66,OptiRisk India,Web / UI Developer (HTML5 / CSS3 / JavaScript)
67,Coddle Technologies Pvt. Ltd.,Software Engineer Trainee
68,Nao Medical,Full Stack Developer | Remote
69,LTIMindtree,SQL Developer
70,Raga Designers,Web Developer
71,Notion,"Software Engineer, Backend"
72,Nymble,SDE 1
73,Tesco Bengaluru,Software Development Engineer III
74,Talent Disruptors,Web Developer - Remote Mohali
75,Responsive,React JS developer
76,LinkedIn,"Software Engineer, AI Platform"
77,Cognizant,Software Engineer
78,Lintel Technologies Pvt Ltd,Front End Web Developer
79,bigbasket.com,Bigbasket - Software Development Engineer - Test - Manual Testing
80,Do Toq Dgtal,Full-Stack Web Developer
81,Railtech Infraventure Private Limited,Software Developer
82,Emertxe Information Technologies,Front-end Web developer
83,HARMAN International,Associate Software Engineer
84,PayU,Software Engineer
85,Forescout Technologies Inc.,Associate Software Engineer
86,Xybion Digital,Software Engineer - Entry Level - Java
87,nVent,Software Developer
88,RAPIDD Technologies,Junior Software Engineer and Software Engineer
89,PayU,Software Engineer
90,TechMust Software Pvt Ltd,Full Stack Web Developer
91,Communication Crafts,Jr. Web Developer
92,"Dubai Jobs, Gulf Jobs, Jobs in Dubai, Qatar, Kuwait - Boyen Haddin & The Giant HR Consultant",Front End Web Developer - Html/css/javascript
93,Avaloq,Software Engineer (Front)
94,Milliman,Trainee Software Engineer (Frontend): MedInsight (Dev)
95,Google,"Software Engineer, Mobile, Android"
96,Tesco Bengaluru,Software Development Engineer II
97,LinkedIn,Staff Software Engineer - Fullstack
98,CN Solutions,Java Software Engineer
99,Fynd (Shopsense Retail Technologies Ltd.),FullStack JavaScript | SDE - 1 / SDE - 2
100,Park+,Software Engineer
101,CN Solutions,Web Developer
102,Tealfeed,Frontend Developer
103,Baazi Games,Frontend Developer
104,Intelizign,C++ Developer
105,MakeMyTrip,ReactJs- Senior software Engineer II
106,HCLTech,Software Engineer
107,Upstox,Upstox - Software Development Engineer - II/III (Frontend)
108,Acme Services,Web Developer
109,ANTRORSE CORPORATION,Web Developer
110,Schbang,Jr. Frontend Developer
111,Reach C Onmark Pvt. Ltd.,Web Developer
112,TAC Security,Web Developer
113,Carousell Group,Software Engineer- Web
114,Turvo Inc.,Software Engineer - UI
115,Mastercard,Software Development Engineer
116,GetWork,Front End Developer
117,LTIMindtree,Software Engineer
118,BookMyShow,Software Development Engineer II - Frontend Technologies
119,Fulcro,HTML Developer
120,Acunor,Junior Web Developer
121,Deloitte,Java Full Stack Software Engineer – FTH Role
122,Tesco Bengaluru,Software Development Engineer III
123,Petpooja,Embedded Software Engineer
124,WinZO,Web Developer
125,Fynd (Shopsense Retail Technologies Ltd.),Python | SDE 1/ SDE 2
126,Godrej Group,Web Application Developer
127,Microsoft,Software Engineer 2
128,Microsoft,Software engineer 2
129,Mehta Infosoft Pvt. Ltd.,Software Engineer Intern
130,Microsoft,Software Engineer 2
131,App Innovation Technologies,Web Developer
132,Times And Trends Academy,web developer
133,TeamUp Broker Network Pvt. Ltd.,Web Developer
134,HOWL,Frontend Developer
135,Tradenfill,Web Developer
136,Sumago Infotech Pvt. Ltd.,Web Developer
137,Intuit,Senior Software Engineer
138,TechSynchro,Full Stack Developer - Web Applications
139,Flexport,"Software Development Engineer I, SMB"
140,ScaleX,Web Developer
141,nCodeIT,Software Developer
142,Google,"Software Engineer III, Front End, Technical Infrastructure"
143,Teqto Infotech,Web Developer
144,IBM,Full Stack Web Developer
145,Pi Techniques Pvt. Ltd.,Web Developer
146,CN Solutions,Java Software Engineer
147,slice,Software Development Engineer 3 (Backend)
148,InkGraph Techno Pvt Ltd,Web Developer
149,Infochord Technologies Pvt. Ltd.,Web Developer
150,Tradenfill,Web Developer
151,rankmantra,Web Developer
152,Manabh Software,Web Developer
153,BuildBear Labs,Junior Frontend Web Developer
154,Outworks Solutions Private Ltd.,Full Stack Developer
155,Stellantis,SW Web Developer
156,HashRoot Limited,Software Engineer
157,CBTS,Associate Software Engineer
158,IBM,Software Developer
159,Siri Innovations,Web Developer
160,Tradenfill,Web Developer
161,Brucode Technologies,Web Developer
162,Mastercard,Software Engineer
163,KPIT,C++ Developer
164,Credgenics,Software Engineer
165,Lowe's India,Software Engineer
166,Microsoft,Software Engineer - II
167,Stirring Minds,Web Developer Associate
168,delaPlex,Software Engineer - Jr. Java Developer
169,Tayana Solutions,Software Developer
170,Traveloka,Software Engineer
171,FYERS,Software Engineer 1
172,"Dubai Jobs, Gulf Jobs, Jobs in Dubai, Qatar, Kuwait - Boyen Haddin & The Giant HR Consultant",Web Developer - Java
173,XLSCOUT,Python Developer
174,Deloitte,Java Full Stack Software Engineer – FTH Role
175,Oracle,Java Software Engineer
176,Deloitte,Java Full Stack Software Engineer – FTH Role
177,Wipro,Software Engineer
178,PhonePe,Software Engineer - Full Stack
179,HCLTech,React JS developer
180,Tesco Bengaluru,Software Development Engineer III
181,Snapmint,Interesting Job Opportunity: Snapmint - PHP Engineer - Shopify/WooCommerce
182,Grey Chain,React JS Developer
183,Innover Labs,Web Development
184,Microsoft,Software Engineer 2
185,Volvo Cars,Software Engineer
186,Flymedia Technology,Web Developer
187,CN Solutions,Software Engineer
188,Microsoft,Software Engineer 2
189,Fynd (Shopsense Retail Technologies Ltd.),Frontend | SDE - 1/2/3
190,Prevetech Solutions,Python Developer Trainee (2023-24 Batch)-
191,livecristle,Web Developer
192,Deloitte,Java Full Stack Software Engineer – FTH Role
193,Recro,Software Engineer
194,FatakPay,Full Stack Developer
195,Cloud Counselage Pvt. Ltd.,Junior Software Engineer (Full stack Intern)
196,delaPlex,Software Engineer - Jr. Java Developer
197,Stirring Minds,Associate Web Developer
198,Microsoft,Software Engineer 2
199,Betterworks,Associate Software Engineer
200,Prevetech Solutions,Python Developer Trainee (2023-24 Batch)-
201,Epiq,Associate Software Engineer
202,Teqto Infotech,Web Developer
203,Genpact,React Developer
204,Sardonyx Technologies Pvt. Ltd.,Software Developers
205,WEBVARAD SOLUTIONS,Jr Software Developer
206,Morcom Induction Pvt Ltd,WEB DEVELOPER
207,Oracle,PL/SQL Developer
208,Sartorius,Software Developer
209,slice,SDET - 1
210,DOT Mappers IT Pvt Ltd,Web Developer
211,ManekTech,Software Engineer
212,IQVIA,Software Developer
213,Microsoft,Software Engineer - II
214,Blinkit,Software Development Engineer III
215,Prevetech Solutions,Python Developer Trainee (2023-24 Batch)-
216,InVibes,Software Developers
217,Vtiger CRM,Software Developer
218,Wingify,Software Engineer QA (Automation & Manual)
219,Modicle Studios,Web Developer
220,Arista Networks,Software Engineer (Platform)
221,Prevetech Solutions,Python Developer Trainee (2023-24 Batch)-
222,Microsoft,Software Engineer 2
223,Datanet Studio Pte Ltd,Full-Stack Developer
224,BlueSapling,Software Developer - Backend
225,Suretek Infosoft Pvt. Ltd.,Software Engineer-Trainee
226,Tradenfill,Web Developer
227,Forescout Technologies Inc.,Associate Software Engineer
228,Infinite Computer Solutions,Software Engineer
229,Intuit,Software Engineer 2 - Backend
230,shopflo,Software Developer - Frontend
231,Traveloka,Software Engineer
232,Microsoft,Software Engineer 2
233,WebDreams India,Web Developer
234,Deloitte,Java Full Stack Software Engineer – FTH Role
235,Microsoft,Software Engineer 2
236,Modicle Studios,Web Developer
237,EbizON,EbizON || HTML Developer || Dehradun
238,Upstox,Software Development Engineer - II (Backend)
239,Deutsche Telekom Digital Labs,Software Engineer in Test
240,NAB,Software Engineer
241,Lowe's India,Software Engineer
242,Technogaze Solutions Pvt. Ltd.,Web Developer
243,Aton Software,Junior Software Engineer
244,Inncrewin Technologies,Software Engineer Level 1/Level 2
245,Microsoft,Software Engineer - II
246,Pixxida,Software Developer
247,Avail Advertising,Web Developer
248,Cockroach Labs,"Software Engineer, Fullstack - Bangalore, India"
249,K-RY Tech Advisory,React Developer
250,Density,Software Engineer
251,CADOpt Technologies Private Limited,Software Developer
252,Deliveroo,Software Engineer - Frontend
253,Torry Harris Integration Solutions,React JS Engineer
254,Ascendion,Software Engineer in Test
255,SITA,Software Developer
256,FactSet,Software Engineer
257,Satya Satellite IT Solutions,Web Developer
258,Simplotel,Simplotel Technologies - Frontend Web Developer - TypeScript/Javascript
259,Infinite Computer Solutions,Software Engineer
260,AppZoy Technologies Pvt. Ltd.,Full Stack Web Developer
261,Genpact,Java Software Engineer
262,HireQuotient,Software Engineer - Frontend
263,Acme Services Private Limited,Software developer
264,Experian,Software Engineer - Python
265,Satya Satellite IT Solutions,Web Developer
266,ECOSMARTLEARN,Software Engineer
267,Prevetech Solutions,Python Developer Trainee (2023-24 Batch)-
268,K-RY Tech Advisory,Frontend Developer
269,Volvo Cars,Software Engineer
270,ClearFeed,Software Engineer
271,INNOVATION ROOTS,Web Developer
272,Unada Labs,Python Developer
273,Tech Mahindra,Java Software Engineer
274,Citrix,Associate Software Engineer
275,Mindsphere IT Solutions Pvt Ltd,Junior Web Developer
276,Aurum Search Limited,Software Engineer
277,Coforge,Java Software Engineer
278,TMRW House of Brands,Software Development Engineer - I (Node.JS Development/React JS Development) (1-2yrs) Tier-1 Colleges preferred
279,Motorola Solutions,Software Developer
280,UPS,Software Engineer developer
281,Money Honey Financial Services Pvt Ltd,Software Developer
282,Saleshandy,Associate Software Engineer
283,Prevetech Solutions,Python Developer Trainee (2023-24 Batch)-
284,WEQ Technologies,Web Developer
285,LTIMindtree,Java Software Engineer
286,Broomees India,Full Stack Developer
287,LTIMindtree,Java Software Engineer
288,IBM,C++ Developer
289,Synopsys Inc,Software Engineer
290,Seller Rocket,Web Developer
291,CODEPRISM TECHNOLOGIES PVT. LTD.,Full Stack Developer
292,Recro,Java Software Engineer
293,Amadeus,Software Development Engineer
294,CIEL HR,web developer
295,Microsoft,Software Engineer 2
296,Zigsaw,Full Stack Developer
297,Microsoft,Software Engineer - II
298,PathFactory,Associate Web Developer
299,GREEN BYTE WEB PVT LTD,Web Developer (Core PHP)
300,FlairMinds Software,Software Engineer
301,ECI,Associate Software Engineer
302,Zigsaw,React Developer
303,Acme Services,Software Engineer
304,Ductus Technologies (P) Limited,Web Developer
305,Oracle,Frontend Developer
306,Antino,Python Developer Intern
307,CONNECTING 2 WORK,Web Developer
308,HyreFox Consultants,Web Developer
309,Citrix,Associate Software Engineer
310,PhonePe,Software Engineer Test
311,Silicon Labs,Software Engineer(1-3 Years)
312,Patoliya Infotech,Web Developer
313,Wipro,Software Engineer
314,CODEPRISM TECHNOLOGIES PVT. LTD.,Python Developer
315,Logitech,Software Engineer
316,Google,"Software Engineer III, Google Ads"
317,TryMania,Software engineer
318,Qualcomm,Embedded Software Engineer
319,Cumulations Technologies,Entry Level Programmer
320,Star Knowledge,Software developers
321,Birlasoft,Software Developer
322,HOPS HEALTHCARE,Java Software Engineer
323,Acme Services,Web Developer - SDE2
324,Capgemini,Software Test Engineer
325,Careernet,Web Developer
326,GVR TECHNOLABS PRIVATE LIMITED,Software Test Engineer
327,Cendyn,Software Engineer - Java
328,Patronus Research LLP,Software Engineer Intern
329,BDNT Labs Private Limited,Associate Software Developer
330,Recro,Java Software Engineer
331,COGNITO INC,Full Stack Developer
332,Ipseity Group,Software Developer
333,IDZ Digital Private Limited,Software Developer
334,Zysk Technologies,Backend Developer Intern - Node.Js
335,Priceline,Junior Software Engineer
336,shopflo,Software Developer - Backend
337,Halma plc,Software Engineer
338,MarvyLogic,Full Stack Web Developer
339,GoGroup,Software Engineer
340,Geojit Technologies,C++ Developer
341,Hexagon AB,Software Developer
342,SolarWinds,Software Engineer
343,"Dubai Jobs, Gulf Jobs, Jobs in Dubai, Qatar, Kuwait - Boyen Haddin & The Giant HR Consultant",Software Test Engineer
344,Stirring Minds,Web Developer Associate
345,StaffRex Info Solutions,Java Developer
346,Oceanmtech,React JS Developer
347,IBM,Software Engineer
348,Eloelo,SDE 1 Android
349,UBL GROUP,Web Developer
350,AlphaSense,Software Engineer
351,Tamcherry - Zaportiv,Associate Software Engineer
352,TechieShubhdeep IT Solutions Pvt Ltd,Web Developer
353,Arintra,Software Engineer
354,Encora Inc.,Java Developer
355,PhonePe,"Software Engineer ( Backend , 3-5years)"
356,Citrix,Software Engineer
357,Quad SoftTech,Web/Software Developer
358,Whatfix,Software Engineer - E4 (Equivalent to SDE II) Frontend Fullstack
359,Upstox,Software Development Engineer - II / III
360,Citrix,Associate Software Engineer
361,Walmart Global Tech India,Senior Java Software Engineer
362,LTIMindtree,Java Software Engineer
363,PathFactory,Associate Web Developer
364,SignDesk,MEAN Stack Developer
365,Ojasvin Cure Root Pvt Ltd,Web Developer
366,Brahmanet IT Solutions Pvt. Ltd.,Software Developer
367,Sony India,"Software Engineer - Java, Spring Boot, Microservices"
368,Genpact,Full Stack Engineer
369,HCLTech,Software Engineer
370,PloPdo,Junior Python Developer
371,Dendrite.ai,Internship - React/NodeJS Web/UI Developer Intern that prioritizes work/life balance
372,Citrix,Software Engineer
373,Star Knowledge,Software developers
374,NIRA Systems,Associate Software Engineer
375,OneBanc,Frontend Developer
376,Motorola Solutions,Software Engineer
377,CoinSwitch,Software Development Engineer II (Frontend)
378,Poshmark,Software Development Intern
379,D. W. CYBER SYSTEM PRIVATE LIMITED,Web Developer
380,Concentrix,Software Engineer in Test (Immediate Joiners Preferred)
381,Rave Digital,Web Developer
382,Aeris IoT SaaS,Software Developer
383,Acme Services,C++ Developer
384,Microsoft,Software Engineer - II
385,K-RY Tech Advisory,Web Developer
386,Pi Square Technologies,Software Engineer
387,Acquia,Software Engineer
388,Input Zero Technologies Pvt. Ltd.,Software Engineer Trainee
389,Servion Global Solutions,Java Software Engineer
390,Emerson,Software Engineer
391,Gemini,"Software Developer, Marketplace"
392,Intellicus Technologies,Software Engineer
393,KPIT,C++ Developer
394,Greytip Software Pvt. Ltd.,Front End Developer - Web
395,Gen,Web Developer
396,LTIMindtree,Software Engineer - JAVA-ANGULAR Developer
397,HCLTech,Software Engineer
398,Jobee Fie PVT LTD,Jr. Software Developer at 5Paisa Capital Ltd - IIFL
399,Egniol Services Private Limited,Web Developer
400,Alpha Tech Academy,Web Developer
401,Publicis Sapient,Software Development Engineer 1 (SDE-1)
402,Airtel Payments Bank,Software Development Engineer Test
403,Awign Expert,Jr. Backend Developer
404,Induco Solutions,Software Developer
405,EXL,Python Developer
406,Biyani Technologies Pvt Ltd,Software Engineer
407,Upstox,Software Development Engineer - III (Backend)
408,Vixplor Analytics Pvt Ltd,Web Developer
409,ONDER SHIPTHIS TECHNOLOGIES,Junior Software Engineer - Python/Javascript
410,Viga Entertainment Technology,Internship - Back End Web Developer
411,SailPoint,Software Engineer
412,First Advantage,Software Engineer - Java
413,Moody's Corporation,Software Engineer
414,Coforge,Java Developer
415,NetApp,Software Engineer
416,GroMo,SDE - 2
417,HiPER Automotive,Embedded Software Engineer
418,Spinta Digital,Software Engineer
419,Par Excellence IT Solutions ®,Software Developer/Web Developer
420,Acme Services,Software Developer
421,HyreFox Consultants,Web / App Developer
422,HR Mangtaa,JR. SOFTWARE ENGINEER
423,Amber,SDE FullStack Intern
424,Turvo Inc.,Software Engineer
425,Infinite Computer Solutions,Software Engineer
426,Spacewalk Automation,Frontend Developer
427,Streamline Healthcare Solutions,Software Engineer
428,Streamline Healthcare Solutions,Software Engineer
429,Teknospire,Software Developer
430,PLLC Software Solutions,PROGRAMMERS
431,TheRapidHire - CMMI Level 5 | Web| App Development | IT Consulting,Software Engineer
432,Hashone Careers,React JS Developer- Software Engineer
433,Capricorn Logistics Pvt. Ltd,Software Engineer
434,Shell Recharge,Sr Software Engineer - Angular
435,Kindlebit Solutions Pvt. Ltd.,Software Engineer
436,Smart SEO Tech,Web Developer
437,KPIT,C++ Developer
438,Graviton Research Capital LLP,Software Engineer
439,Walmart Global Tech India,Software Engineer III
440,MakeMyTrip,Senior Software Engineer II React.js
441,Matrix Web Studio,Php Web Developer in Delhi (1 Openings)
442,inFeedo,Software Engineer - Backend
443,Logitech,Software Engineer
444,CIEL HR,web developer
445,Siemens Gamesa,Software Developer
446,Fusemachines,Fullstack Engineer
447,Vaanam Technologies Pvt Ltd,Software Engineer Intern
448,Allnessjobs,Full Stack Web Developer
449,NStarX,Software Engineer
